Age,Sex,BP,Cholesterol,Na,K,klasa=drugY,prediction,klasa=drugX,klasa=drugA,klasa=drugC,klasa=drugB
50,F,LOW,HIGH,0.792674,0.037851,1.5363234246848425,drugC,1.2836127718412154,0.9015095517617189,1.8261608959453874,0.8008798803628273
47,M,HIGH,NORMAL,0.643455,0.040746,1.5563874700122233,drugA,1.151183915160793,1.71085120529291,0.7463916950787577,1.661081145585939
23,M,NORMAL,NORMAL,0.740936,0.048417,1.4325397326296043,drugX,1.6983771830976584,1.0177040247329645,0.5838727655809827,0.9679339650259935
15,F,LOW,HIGH,0.888144,0.06668,1.5253943541526522,drugC,1.2839434050067335,0.858949937342923,1.8261608959453874,0.8008798803628273
